{"max_iters": 30, "run_id": "rusty-Tayla", "test_acc": {"30": 2.9600000381469727, "31": 3.259999990463257, "32": 3.619999885559082, "33": 4.230000019073486, "34": 4.730000019073486, "35": 5.340000152587891, "36": 5.760000228881836, "37": 6.429999828338623, "38": 6.860000133514404, "39": 7.590000152587891, "40": 8.359999656677246}, "test_data": 33, "test_iters": [30, 31, 32, 33, 34, 35, 36, 37, 38, 39, 40], "test_mode": "default", "train_data": 9, "train_acc": {"30": 99.19999694824219, "31": 99.44499969482422, "32": 99.4625015258789, "33": 99.6675033569336, "34": 99.6449966430664, "35": 99.62999725341797, "36": 99.54499816894531, "37": 99.45999908447266, "38": 99.60250091552734, "39": 99.59249877929688, "40": 99.56999969482422}, "val_acc": {"30": 99.16000366210938, "31": 99.48999786376953, "32": 99.38999938964844, "33": 99.7300033569336, "34": 99.69000244140625, "35": 99.63999938964844, "36": 99.62999725341797, "37": 99.4800033569336, "38": 99.66999816894531, "39": 99.61000061035156, "40": 99.56999969482422}}